nom	annee	n
l'expédition du Challenger	1760	0
l'expédition du Challenger	1770	0
l'expédition du Challenger	1780	0
l'expédition du Challenger	1790	0
l'expédition du Challenger	1800	0
l'expédition du Challenger	1810	0
l'expédition du Challenger	1820	0
l'expédition du Challenger	1830	0
l'expédition du Challenger	1840	0
l'expédition du Challenger	1850	0
l'expédition du Challenger	1860	0
l'expédition du Challenger	1870	82
l'expédition du Challenger	1880	0
l'expédition du Challenger	1890	0
l'expédition du Challenger	1900	0
l'expédition du Challenger	1910	0
l'expédition du Challenger	1920	0
l'expédition du Challenger	1930	0
l'expédition du Challenger	1940	0
l'expédition du Challenger	1950	0
l'expédition du Challenger	1960	0
l'expédition du Challenger	1970	0
l'expédition du Challenger	1980	0
Raymond Rallier du Baty	1760	0
Raymond Rallier du Baty	1770	0
Raymond Rallier du Baty	1780	0
Raymond Rallier du Baty	1790	0
Raymond Rallier du Baty	1800	0
Raymond Rallier du Baty	1810	0
Raymond Rallier du Baty	1820	0
Raymond Rallier du Baty	1830	0
Raymond Rallier du Baty	1840	0
Raymond Rallier du Baty	1850	0
Raymond Rallier du Baty	1860	0
Raymond Rallier du Baty	1870	0
Raymond Rallier du Baty	1880	0
Raymond Rallier du Baty	1890	0
Raymond Rallier du Baty	1900	138
Raymond Rallier du Baty	1910	34
Raymond Rallier du Baty	1920	9
Raymond Rallier du Baty	1930	0
Raymond Rallier du Baty	1940	0
Raymond Rallier du Baty	1950	0
Raymond Rallier du Baty	1960	0
Raymond Rallier du Baty	1970	0
Raymond Rallier du Baty	1980	0
la 16ème mission	1760	0
la 16ème mission	1770	0
la 16ème mission	1780	0
la 16ème mission	1790	0
la 16ème mission	1800	0
la 16ème mission	1810	0
la 16ème mission	1820	0
la 16ème mission	1830	0
la 16ème mission	1840	0
la 16ème mission	1850	0
la 16ème mission	1860	0
la 16ème mission	1870	0
la 16ème mission	1880	0
la 16ème mission	1890	0
la 16ème mission	1900	0
la 16ème mission	1910	0
la 16ème mission	1920	0
la 16ème mission	1930	0
la 16ème mission	1940	0
la 16ème mission	1950	0
la 16ème mission	1960	1
la 16ème mission	1970	0
la 16ème mission	1980	0
les chasseurs anglo-américains	1760	0
les chasseurs anglo-américains	1770	0
les chasseurs anglo-américains	1780	0
les chasseurs anglo-américains	1790	33
les chasseurs anglo-américains	1800	23
les chasseurs anglo-américains	1810	0
les chasseurs anglo-américains	1820	0
les chasseurs anglo-américains	1830	0
les chasseurs anglo-américains	1840	0
les chasseurs anglo-américains	1850	0
les chasseurs anglo-américains	1860	0
les chasseurs anglo-américains	1870	0
les chasseurs anglo-américains	1880	1
les chasseurs anglo-américains	1890	0
les chasseurs anglo-américains	1900	0
les chasseurs anglo-américains	1910	0
les chasseurs anglo-américains	1920	0
les chasseurs anglo-américains	1930	0
les chasseurs anglo-américains	1940	0
les chasseurs anglo-américains	1950	0
les chasseurs anglo-américains	1960	0
les chasseurs anglo-américains	1970	0
les chasseurs anglo-américains	1980	0
Edgar Aubert de la Rüe	1760	0
Edgar Aubert de la Rüe	1770	0
Edgar Aubert de la Rüe	1780	0
Edgar Aubert de la Rüe	1790	0
Edgar Aubert de la Rüe	1800	0
Edgar Aubert de la Rüe	1810	0
Edgar Aubert de la Rüe	1820	0
Edgar Aubert de la Rüe	1830	0
Edgar Aubert de la Rüe	1840	0
Edgar Aubert de la Rüe	1850	0
Edgar Aubert de la Rüe	1860	0
Edgar Aubert de la Rüe	1870	0
Edgar Aubert de la Rüe	1880	0
Edgar Aubert de la Rüe	1890	0
Edgar Aubert de la Rüe	1900	0
Edgar Aubert de la Rüe	1910	0
Edgar Aubert de la Rüe	1920	21
Edgar Aubert de la Rüe	1930	29
Edgar Aubert de la Rüe	1940	1
Edgar Aubert de la Rüe	1950	63
Edgar Aubert de la Rüe	1960	0
Edgar Aubert de la Rüe	1970	0
Edgar Aubert de la Rüe	1980	0
La Commission de Toponymie	1760	0
La Commission de Toponymie	1770	0
La Commission de Toponymie	1780	0
La Commission de Toponymie	1790	0
La Commission de Toponymie	1800	0
La Commission de Toponymie	1810	0
La Commission de Toponymie	1820	0
La Commission de Toponymie	1830	0
La Commission de Toponymie	1840	0
La Commission de Toponymie	1850	0
La Commission de Toponymie	1860	0
La Commission de Toponymie	1870	0
La Commission de Toponymie	1880	0
La Commission de Toponymie	1890	0
La Commission de Toponymie	1900	0
La Commission de Toponymie	1910	0
La Commission de Toponymie	1920	0
La Commission de Toponymie	1930	0
La Commission de Toponymie	1940	0
La Commission de Toponymie	1950	0
La Commission de Toponymie	1960	244
La Commission de Toponymie	1970	5
La Commission de Toponymie	1980	0
les pêcheurs anglo-américains	1760	0
les pêcheurs anglo-américains	1770	0
les pêcheurs anglo-américains	1780	0
les pêcheurs anglo-américains	1790	3
les pêcheurs anglo-américains	1800	0
les pêcheurs anglo-américains	1810	0
les pêcheurs anglo-américains	1820	0
les pêcheurs anglo-américains	1830	0
les pêcheurs anglo-américains	1840	0
les pêcheurs anglo-américains	1850	0
les pêcheurs anglo-américains	1860	0
les pêcheurs anglo-américains	1870	0
les pêcheurs anglo-américains	1880	0
les pêcheurs anglo-américains	1890	0
les pêcheurs anglo-américains	1900	0
les pêcheurs anglo-américains	1910	0
les pêcheurs anglo-américains	1920	0
les pêcheurs anglo-américains	1930	0
les pêcheurs anglo-américains	1940	0
les pêcheurs anglo-américains	1950	0
les pêcheurs anglo-américains	1960	0
les pêcheurs anglo-américains	1970	0
les pêcheurs anglo-américains	1980	0
le professeur Albert Bauer	1760	0
le professeur Albert Bauer	1770	0
le professeur Albert Bauer	1780	0
le professeur Albert Bauer	1790	0
le professeur Albert Bauer	1800	0
le professeur Albert Bauer	1810	0
le professeur Albert Bauer	1820	0
le professeur Albert Bauer	1830	0
le professeur Albert Bauer	1840	0
le professeur Albert Bauer	1850	0
le professeur Albert Bauer	1860	0
le professeur Albert Bauer	1870	0
le professeur Albert Bauer	1880	0
le professeur Albert Bauer	1890	0
le professeur Albert Bauer	1900	0
le professeur Albert Bauer	1910	0
le professeur Albert Bauer	1920	0
le professeur Albert Bauer	1930	0
le professeur Albert Bauer	1940	0
le professeur Albert Bauer	1950	0
le professeur Albert Bauer	1960	7
le professeur Albert Bauer	1970	0
le professeur Albert Bauer	1980	0
Hervé Guichard et Jacques Nougier	1760	0
Hervé Guichard et Jacques Nougier	1770	0
Hervé Guichard et Jacques Nougier	1780	0
Hervé Guichard et Jacques Nougier	1790	0
Hervé Guichard et Jacques Nougier	1800	0
Hervé Guichard et Jacques Nougier	1810	0
Hervé Guichard et Jacques Nougier	1820	0
Hervé Guichard et Jacques Nougier	1830	0
Hervé Guichard et Jacques Nougier	1840	0
Hervé Guichard et Jacques Nougier	1850	0
Hervé Guichard et Jacques Nougier	1860	0
Hervé Guichard et Jacques Nougier	1870	0
Hervé Guichard et Jacques Nougier	1880	0
Hervé Guichard et Jacques Nougier	1890	0
Hervé Guichard et Jacques Nougier	1900	0
Hervé Guichard et Jacques Nougier	1910	0
Hervé Guichard et Jacques Nougier	1920	0
Hervé Guichard et Jacques Nougier	1930	0
Hervé Guichard et Jacques Nougier	1940	0
Hervé Guichard et Jacques Nougier	1950	0
Hervé Guichard et Jacques Nougier	1960	3
Hervé Guichard et Jacques Nougier	1970	0
Hervé Guichard et Jacques Nougier	1980	0
les topographes	1760	0
les topographes	1770	0
les topographes	1780	0
les topographes	1790	0
les topographes	1800	0
les topographes	1810	0
les topographes	1820	0
les topographes	1830	0
les topographes	1840	0
les topographes	1850	0
les topographes	1860	0
les topographes	1870	0
les topographes	1880	0
les topographes	1890	0
les topographes	1900	0
les topographes	1910	0
les topographes	1920	0
les topographes	1930	0
les topographes	1940	0
les topographes	1950	0
les topographes	1960	3
les topographes	1970	0
les topographes	1980	0
Yves de Kerguelen	1760	0
Yves de Kerguelen	1770	46
Yves de Kerguelen	1780	5
Yves de Kerguelen	1790	0
Yves de Kerguelen	1800	0
Yves de Kerguelen	1810	0
Yves de Kerguelen	1820	0
Yves de Kerguelen	1830	0
Yves de Kerguelen	1840	0
Yves de Kerguelen	1850	0
Yves de Kerguelen	1860	0
Yves de Kerguelen	1870	0
Yves de Kerguelen	1880	0
Yves de Kerguelen	1890	0
Yves de Kerguelen	1900	0
Yves de Kerguelen	1910	0
Yves de Kerguelen	1920	0
Yves de Kerguelen	1930	0
Yves de Kerguelen	1940	0
Yves de Kerguelen	1950	0
Yves de Kerguelen	1960	0
Yves de Kerguelen	1970	0
Yves de Kerguelen	1980	0
les ingénieurs hydrographes	1760	0
les ingénieurs hydrographes	1770	0
les ingénieurs hydrographes	1780	0
les ingénieurs hydrographes	1790	0
les ingénieurs hydrographes	1800	0
les ingénieurs hydrographes	1810	0
les ingénieurs hydrographes	1820	0
les ingénieurs hydrographes	1830	0
les ingénieurs hydrographes	1840	0
les ingénieurs hydrographes	1850	0
les ingénieurs hydrographes	1860	0
les ingénieurs hydrographes	1870	0
les ingénieurs hydrographes	1880	0
les ingénieurs hydrographes	1890	0
les ingénieurs hydrographes	1900	0
les ingénieurs hydrographes	1910	0
les ingénieurs hydrographes	1920	0
les ingénieurs hydrographes	1930	0
les ingénieurs hydrographes	1940	0
les ingénieurs hydrographes	1950	2
les ingénieurs hydrographes	1960	0
les ingénieurs hydrographes	1970	0
les ingénieurs hydrographes	1980	0
Henri et Raymond Rallier du Baty	1760	0
Henri et Raymond Rallier du Baty	1770	0
Henri et Raymond Rallier du Baty	1780	0
Henri et Raymond Rallier du Baty	1790	0
Henri et Raymond Rallier du Baty	1800	0
Henri et Raymond Rallier du Baty	1810	0
Henri et Raymond Rallier du Baty	1820	0
Henri et Raymond Rallier du Baty	1830	0
Henri et Raymond Rallier du Baty	1840	0
Henri et Raymond Rallier du Baty	1850	0
Henri et Raymond Rallier du Baty	1860	0
Henri et Raymond Rallier du Baty	1870	0
Henri et Raymond Rallier du Baty	1880	0
Henri et Raymond Rallier du Baty	1890	0
Henri et Raymond Rallier du Baty	1900	1
Henri et Raymond Rallier du Baty	1910	0
Henri et Raymond Rallier du Baty	1920	0
Henri et Raymond Rallier du Baty	1930	0
Henri et Raymond Rallier du Baty	1940	0
Henri et Raymond Rallier du Baty	1950	0
Henri et Raymond Rallier du Baty	1960	0
Henri et Raymond Rallier du Baty	1970	0
Henri et Raymond Rallier du Baty	1980	0
Albert Bauer	1760	0
Albert Bauer	1770	0
Albert Bauer	1780	0
Albert Bauer	1790	0
Albert Bauer	1800	0
Albert Bauer	1810	0
Albert Bauer	1820	0
Albert Bauer	1830	0
Albert Bauer	1840	0
Albert Bauer	1850	0
Albert Bauer	1860	0
Albert Bauer	1870	0
Albert Bauer	1880	0
Albert Bauer	1890	0
Albert Bauer	1900	0
Albert Bauer	1910	0
Albert Bauer	1920	0
Albert Bauer	1930	0
Albert Bauer	1940	0
Albert Bauer	1950	0
Albert Bauer	1960	4
Albert Bauer	1970	0
Albert Bauer	1980	0
le Bougainville	1760	0
le Bougainville	1770	0
le Bougainville	1780	0
le Bougainville	1790	0
le Bougainville	1800	0
le Bougainville	1810	0
le Bougainville	1820	0
le Bougainville	1830	0
le Bougainville	1840	0
le Bougainville	1850	0
le Bougainville	1860	0
le Bougainville	1870	0
le Bougainville	1880	0
le Bougainville	1890	0
le Bougainville	1900	0
le Bougainville	1910	0
le Bougainville	1920	0
le Bougainville	1930	10
le Bougainville	1940	0
le Bougainville	1950	0
le Bougainville	1960	0
le Bougainville	1970	0
le Bougainville	1980	0
le Service Technique des Bases Aériennes	1760	0
le Service Technique des Bases Aériennes	1770	0
le Service Technique des Bases Aériennes	1780	0
le Service Technique des Bases Aériennes	1790	0
le Service Technique des Bases Aériennes	1800	0
le Service Technique des Bases Aériennes	1810	0
le Service Technique des Bases Aériennes	1820	0
le Service Technique des Bases Aériennes	1830	0
le Service Technique des Bases Aériennes	1840	0
le Service Technique des Bases Aériennes	1850	0
le Service Technique des Bases Aériennes	1860	0
le Service Technique des Bases Aériennes	1870	0
le Service Technique des Bases Aériennes	1880	0
le Service Technique des Bases Aériennes	1890	0
le Service Technique des Bases Aériennes	1900	0
le Service Technique des Bases Aériennes	1910	0
le Service Technique des Bases Aériennes	1920	0
le Service Technique des Bases Aériennes	1930	0
le Service Technique des Bases Aériennes	1940	0
le Service Technique des Bases Aériennes	1950	10
le Service Technique des Bases Aériennes	1960	0
le Service Technique des Bases Aériennes	1970	0
le Service Technique des Bases Aériennes	1980	0
le Service hydrographique de la Marine	1760	0
le Service hydrographique de la Marine	1770	0
le Service hydrographique de la Marine	1780	0
le Service hydrographique de la Marine	1790	0
le Service hydrographique de la Marine	1800	0
le Service hydrographique de la Marine	1810	0
le Service hydrographique de la Marine	1820	0
le Service hydrographique de la Marine	1830	0
le Service hydrographique de la Marine	1840	0
le Service hydrographique de la Marine	1850	0
le Service hydrographique de la Marine	1860	0
le Service hydrographique de la Marine	1870	0
le Service hydrographique de la Marine	1880	1
le Service hydrographique de la Marine	1890	1
le Service hydrographique de la Marine	1900	0
le Service hydrographique de la Marine	1910	22
le Service hydrographique de la Marine	1920	0
le Service hydrographique de la Marine	1930	4
le Service hydrographique de la Marine	1940	0
le Service hydrographique de la Marine	1950	1
le Service hydrographique de la Marine	1960	0
le Service hydrographique de la Marine	1970	0
le Service hydrographique de la Marine	1980	0
Hervé de Corbiac	1760	0
Hervé de Corbiac	1770	0
Hervé de Corbiac	1780	0
Hervé de Corbiac	1790	0
Hervé de Corbiac	1800	0
Hervé de Corbiac	1810	0
Hervé de Corbiac	1820	0
Hervé de Corbiac	1830	0
Hervé de Corbiac	1840	0
Hervé de Corbiac	1850	0
Hervé de Corbiac	1860	0
Hervé de Corbiac	1870	0
Hervé de Corbiac	1880	0
Hervé de Corbiac	1890	0
Hervé de Corbiac	1900	0
Hervé de Corbiac	1910	0
Hervé de Corbiac	1920	0
Hervé de Corbiac	1930	0
Hervé de Corbiac	1940	0
Hervé de Corbiac	1950	0
Hervé de Corbiac	1960	5
Hervé de Corbiac	1970	0
Hervé de Corbiac	1980	0
Polian et Rens	1760	0
Polian et Rens	1770	0
Polian et Rens	1780	0
Polian et Rens	1790	0
Polian et Rens	1800	0
Polian et Rens	1810	0
Polian et Rens	1820	0
Polian et Rens	1830	0
Polian et Rens	1840	0
Polian et Rens	1850	0
Polian et Rens	1860	0
Polian et Rens	1870	0
Polian et Rens	1880	0
Polian et Rens	1890	0
Polian et Rens	1900	0
Polian et Rens	1910	0
Polian et Rens	1920	0
Polian et Rens	1930	0
Polian et Rens	1940	0
Polian et Rens	1950	0
Polian et Rens	1960	11
Polian et Rens	1970	0
Polian et Rens	1980	0
Sir Douglas Mawson	1760	0
Sir Douglas Mawson	1770	0
Sir Douglas Mawson	1780	0
Sir Douglas Mawson	1790	0
Sir Douglas Mawson	1800	0
Sir Douglas Mawson	1810	0
Sir Douglas Mawson	1820	0
Sir Douglas Mawson	1830	0
Sir Douglas Mawson	1840	0
Sir Douglas Mawson	1850	0
Sir Douglas Mawson	1860	0
Sir Douglas Mawson	1870	0
Sir Douglas Mawson	1880	0
Sir Douglas Mawson	1890	0
Sir Douglas Mawson	1900	0
Sir Douglas Mawson	1910	0
Sir Douglas Mawson	1920	0
Sir Douglas Mawson	1930	3
Sir Douglas Mawson	1940	0
Sir Douglas Mawson	1950	0
Sir Douglas Mawson	1960	0
Sir Douglas Mawson	1970	0
Sir Douglas Mawson	1980	0
la mission hydrographique du Lapérouse	1760	0
la mission hydrographique du Lapérouse	1770	0
la mission hydrographique du Lapérouse	1780	0
la mission hydrographique du Lapérouse	1790	0
la mission hydrographique du Lapérouse	1800	0
la mission hydrographique du Lapérouse	1810	0
la mission hydrographique du Lapérouse	1820	0
la mission hydrographique du Lapérouse	1830	0
la mission hydrographique du Lapérouse	1840	0
la mission hydrographique du Lapérouse	1850	0
la mission hydrographique du Lapérouse	1860	0
la mission hydrographique du Lapérouse	1870	0
la mission hydrographique du Lapérouse	1880	0
la mission hydrographique du Lapérouse	1890	0
la mission hydrographique du Lapérouse	1900	0
la mission hydrographique du Lapérouse	1910	0
la mission hydrographique du Lapérouse	1920	0
la mission hydrographique du Lapérouse	1930	0
la mission hydrographique du Lapérouse	1940	5
la mission hydrographique du Lapérouse	1950	0
la mission hydrographique du Lapérouse	1960	1
la mission hydrographique du Lapérouse	1970	0
la mission hydrographique du Lapérouse	1980	0
l'expédition de l'Antarès	1760	0
l'expédition de l'Antarès	1770	0
l'expédition de l'Antarès	1780	0
l'expédition de l'Antarès	1790	0
l'expédition de l'Antarès	1800	0
l'expédition de l'Antarès	1810	0
l'expédition de l'Antarès	1820	0
l'expédition de l'Antarès	1830	0
l'expédition de l'Antarès	1840	0
l'expédition de l'Antarès	1850	0
l'expédition de l'Antarès	1860	0
l'expédition de l'Antarès	1870	0
l'expédition de l'Antarès	1880	0
l'expédition de l'Antarès	1890	0
l'expédition de l'Antarès	1900	0
l'expédition de l'Antarès	1910	0
l'expédition de l'Antarès	1920	0
l'expédition de l'Antarès	1930	35
l'expédition de l'Antarès	1940	0
l'expédition de l'Antarès	1950	0
l'expédition de l'Antarès	1960	0
l'expédition de l'Antarès	1970	0
l'expédition de l'Antarès	1980	0
Jacques Nougier	1760	0
Jacques Nougier	1770	0
Jacques Nougier	1780	0
Jacques Nougier	1790	0
Jacques Nougier	1800	0
Jacques Nougier	1810	0
Jacques Nougier	1820	0
Jacques Nougier	1830	0
Jacques Nougier	1840	0
Jacques Nougier	1850	0
Jacques Nougier	1860	0
Jacques Nougier	1870	0
Jacques Nougier	1880	0
Jacques Nougier	1890	0
Jacques Nougier	1900	0
Jacques Nougier	1910	0
Jacques Nougier	1920	0
Jacques Nougier	1930	0
Jacques Nougier	1940	0
Jacques Nougier	1950	0
Jacques Nougier	1960	38
Jacques Nougier	1970	0
Jacques Nougier	1980	0
la reconnaissance dirigée par Mouzon	1760	0
la reconnaissance dirigée par Mouzon	1770	0
la reconnaissance dirigée par Mouzon	1780	0
la reconnaissance dirigée par Mouzon	1790	0
la reconnaissance dirigée par Mouzon	1800	0
la reconnaissance dirigée par Mouzon	1810	0
la reconnaissance dirigée par Mouzon	1820	0
la reconnaissance dirigée par Mouzon	1830	0
la reconnaissance dirigée par Mouzon	1840	0
la reconnaissance dirigée par Mouzon	1850	0
la reconnaissance dirigée par Mouzon	1860	0
la reconnaissance dirigée par Mouzon	1870	0
la reconnaissance dirigée par Mouzon	1880	0
la reconnaissance dirigée par Mouzon	1890	0
la reconnaissance dirigée par Mouzon	1900	0
la reconnaissance dirigée par Mouzon	1910	0
la reconnaissance dirigée par Mouzon	1920	0
la reconnaissance dirigée par Mouzon	1930	0
la reconnaissance dirigée par Mouzon	1940	0
la reconnaissance dirigée par Mouzon	1950	1
la reconnaissance dirigée par Mouzon	1960	0
la reconnaissance dirigée par Mouzon	1970	0
la reconnaissance dirigée par Mouzon	1980	0
le capitaine James Cook	1760	0
le capitaine James Cook	1770	16
le capitaine James Cook	1780	0
le capitaine James Cook	1790	0
le capitaine James Cook	1800	0
le capitaine James Cook	1810	0
le capitaine James Cook	1820	0
le capitaine James Cook	1830	0
le capitaine James Cook	1840	0
le capitaine James Cook	1850	0
le capitaine James Cook	1860	0
le capitaine James Cook	1870	0
le capitaine James Cook	1880	0
le capitaine James Cook	1890	0
le capitaine James Cook	1900	0
le capitaine James Cook	1910	0
le capitaine James Cook	1920	0
le capitaine James Cook	1930	0
le capitaine James Cook	1940	0
le capitaine James Cook	1950	0
le capitaine James Cook	1960	0
le capitaine James Cook	1970	0
le capitaine James Cook	1980	0
la reconnaissance Mouzon	1760	0
la reconnaissance Mouzon	1770	0
la reconnaissance Mouzon	1780	0
la reconnaissance Mouzon	1790	0
la reconnaissance Mouzon	1800	0
la reconnaissance Mouzon	1810	0
la reconnaissance Mouzon	1820	0
la reconnaissance Mouzon	1830	0
la reconnaissance Mouzon	1840	0
la reconnaissance Mouzon	1850	0
la reconnaissance Mouzon	1860	0
la reconnaissance Mouzon	1870	0
la reconnaissance Mouzon	1880	0
la reconnaissance Mouzon	1890	0
la reconnaissance Mouzon	1900	0
la reconnaissance Mouzon	1910	0
la reconnaissance Mouzon	1920	0
la reconnaissance Mouzon	1930	0
la reconnaissance Mouzon	1940	0
la reconnaissance Mouzon	1950	3
la reconnaissance Mouzon	1960	0
la reconnaissance Mouzon	1970	0
la reconnaissance Mouzon	1980	0
les hydrographes du Lapérouse	1760	0
les hydrographes du Lapérouse	1770	0
les hydrographes du Lapérouse	1780	0
les hydrographes du Lapérouse	1790	0
les hydrographes du Lapérouse	1800	0
les hydrographes du Lapérouse	1810	0
les hydrographes du Lapérouse	1820	0
les hydrographes du Lapérouse	1830	0
les hydrographes du Lapérouse	1840	0
les hydrographes du Lapérouse	1850	0
les hydrographes du Lapérouse	1860	0
les hydrographes du Lapérouse	1870	0
les hydrographes du Lapérouse	1880	0
les hydrographes du Lapérouse	1890	0
les hydrographes du Lapérouse	1900	0
les hydrographes du Lapérouse	1910	0
les hydrographes du Lapérouse	1920	0
les hydrographes du Lapérouse	1930	0
les hydrographes du Lapérouse	1940	0
les hydrographes du Lapérouse	1950	3
les hydrographes du Lapérouse	1960	0
les hydrographes du Lapérouse	1970	0
les hydrographes du Lapérouse	1980	0
l'expédition de la Gazelle	1760	0
l'expédition de la Gazelle	1770	0
l'expédition de la Gazelle	1780	0
l'expédition de la Gazelle	1790	0
l'expédition de la Gazelle	1800	0
l'expédition de la Gazelle	1810	0
l'expédition de la Gazelle	1820	0
l'expédition de la Gazelle	1830	0
l'expédition de la Gazelle	1840	0
l'expédition de la Gazelle	1850	0
l'expédition de la Gazelle	1860	0
l'expédition de la Gazelle	1870	21
l'expédition de la Gazelle	1880	0
l'expédition de la Gazelle	1890	0
l'expédition de la Gazelle	1900	0
l'expédition de la Gazelle	1910	0
l'expédition de la Gazelle	1920	0
l'expédition de la Gazelle	1930	0
l'expédition de la Gazelle	1940	0
l'expédition de la Gazelle	1950	0
l'expédition de la Gazelle	1960	0
l'expédition de la Gazelle	1970	0
l'expédition de la Gazelle	1980	0
Polian et Rens (reconnaissance)	1760	0
Polian et Rens (reconnaissance)	1770	0
Polian et Rens (reconnaissance)	1780	0
Polian et Rens (reconnaissance)	1790	0
Polian et Rens (reconnaissance)	1800	0
Polian et Rens (reconnaissance)	1810	0
Polian et Rens (reconnaissance)	1820	0
Polian et Rens (reconnaissance)	1830	0
Polian et Rens (reconnaissance)	1840	0
Polian et Rens (reconnaissance)	1850	0
Polian et Rens (reconnaissance)	1860	0
Polian et Rens (reconnaissance)	1870	0
Polian et Rens (reconnaissance)	1880	0
Polian et Rens (reconnaissance)	1890	0
Polian et Rens (reconnaissance)	1900	0
Polian et Rens (reconnaissance)	1910	0
Polian et Rens (reconnaissance)	1920	0
Polian et Rens (reconnaissance)	1930	0
Polian et Rens (reconnaissance)	1940	0
Polian et Rens (reconnaissance)	1950	0
Polian et Rens (reconnaissance)	1960	39
Polian et Rens (reconnaissance)	1970	0
Polian et Rens (reconnaissance)	1980	0
l'expédition du Gauss	1760	0
l'expédition du Gauss	1770	0
l'expédition du Gauss	1780	0
l'expédition du Gauss	1790	0
l'expédition du Gauss	1800	0
l'expédition du Gauss	1810	0
l'expédition du Gauss	1820	0
l'expédition du Gauss	1830	0
l'expédition du Gauss	1840	0
l'expédition du Gauss	1850	0
l'expédition du Gauss	1860	0
l'expédition du Gauss	1870	0
l'expédition du Gauss	1880	0
l'expédition du Gauss	1890	0
l'expédition du Gauss	1900	10
l'expédition du Gauss	1910	0
l'expédition du Gauss	1920	0
l'expédition du Gauss	1930	0
l'expédition du Gauss	1940	0
l'expédition du Gauss	1950	0
l'expédition du Gauss	1960	0
l'expédition du Gauss	1970	0
l'expédition du Gauss	1980	0
la Commission réduite de Toponymie de Port-aux-Français	1760	0
la Commission réduite de Toponymie de Port-aux-Français	1770	0
la Commission réduite de Toponymie de Port-aux-Français	1780	0
la Commission réduite de Toponymie de Port-aux-Français	1790	0
la Commission réduite de Toponymie de Port-aux-Français	1800	0
la Commission réduite de Toponymie de Port-aux-Français	1810	0
la Commission réduite de Toponymie de Port-aux-Français	1820	0
la Commission réduite de Toponymie de Port-aux-Français	1830	0
la Commission réduite de Toponymie de Port-aux-Français	1840	0
la Commission réduite de Toponymie de Port-aux-Français	1850	0
la Commission réduite de Toponymie de Port-aux-Français	1860	0
la Commission réduite de Toponymie de Port-aux-Français	1870	0
la Commission réduite de Toponymie de Port-aux-Français	1880	0
la Commission réduite de Toponymie de Port-aux-Français	1890	0
la Commission réduite de Toponymie de Port-aux-Français	1900	0
la Commission réduite de Toponymie de Port-aux-Français	1910	0
la Commission réduite de Toponymie de Port-aux-Français	1920	0
la Commission réduite de Toponymie de Port-aux-Français	1930	0
la Commission réduite de Toponymie de Port-aux-Français	1940	0
la Commission réduite de Toponymie de Port-aux-Français	1950	0
la Commission réduite de Toponymie de Port-aux-Français	1960	2
la Commission réduite de Toponymie de Port-aux-Français	1970	0
la Commission réduite de Toponymie de Port-aux-Français	1980	0
l'expédition du Bougainville	1760	0
l'expédition du Bougainville	1770	0
l'expédition du Bougainville	1780	0
l'expédition du Bougainville	1790	0
l'expédition du Bougainville	1800	0
l'expédition du Bougainville	1810	0
l'expédition du Bougainville	1820	0
l'expédition du Bougainville	1830	0
l'expédition du Bougainville	1840	0
l'expédition du Bougainville	1850	0
l'expédition du Bougainville	1860	0
l'expédition du Bougainville	1870	0
l'expédition du Bougainville	1880	0
l'expédition du Bougainville	1890	0
l'expédition du Bougainville	1900	0
l'expédition du Bougainville	1910	0
l'expédition du Bougainville	1920	0
l'expédition du Bougainville	1930	3
l'expédition du Bougainville	1940	0
l'expédition du Bougainville	1950	0
l'expédition du Bougainville	1960	0
l'expédition du Bougainville	1970	0
l'expédition du Bougainville	1980	0
La Commission de Toponymie de Port-aux-Français	1760	0
La Commission de Toponymie de Port-aux-Français	1770	0
La Commission de Toponymie de Port-aux-Français	1780	0
La Commission de Toponymie de Port-aux-Français	1790	0
La Commission de Toponymie de Port-aux-Français	1800	0
La Commission de Toponymie de Port-aux-Français	1810	0
La Commission de Toponymie de Port-aux-Français	1820	0
La Commission de Toponymie de Port-aux-Français	1830	0
La Commission de Toponymie de Port-aux-Français	1840	0
La Commission de Toponymie de Port-aux-Français	1850	0
La Commission de Toponymie de Port-aux-Français	1860	0
La Commission de Toponymie de Port-aux-Français	1870	0
La Commission de Toponymie de Port-aux-Français	1880	0
La Commission de Toponymie de Port-aux-Français	1890	0
La Commission de Toponymie de Port-aux-Français	1900	0
La Commission de Toponymie de Port-aux-Français	1910	0
La Commission de Toponymie de Port-aux-Français	1920	0
La Commission de Toponymie de Port-aux-Français	1930	0
La Commission de Toponymie de Port-aux-Français	1940	0
La Commission de Toponymie de Port-aux-Français	1950	0
La Commission de Toponymie de Port-aux-Français	1960	1
La Commission de Toponymie de Port-aux-Français	1970	0
La Commission de Toponymie de Port-aux-Français	1980	0
Benoît Tollu	1760	0
Benoît Tollu	1770	0
Benoît Tollu	1780	0
Benoît Tollu	1790	0
Benoît Tollu	1800	0
Benoît Tollu	1810	0
Benoît Tollu	1820	0
Benoît Tollu	1830	0
Benoît Tollu	1840	0
Benoît Tollu	1850	0
Benoît Tollu	1860	0
Benoît Tollu	1870	0
Benoît Tollu	1880	0
Benoît Tollu	1890	0
Benoît Tollu	1900	0
Benoît Tollu	1910	0
Benoît Tollu	1920	0
Benoît Tollu	1930	0
Benoît Tollu	1940	0
Benoît Tollu	1950	0
Benoît Tollu	1960	23
Benoît Tollu	1970	0
Benoît Tollu	1980	0
Jean-Claude Hureau	1760	0
Jean-Claude Hureau	1770	0
Jean-Claude Hureau	1780	0
Jean-Claude Hureau	1790	0
Jean-Claude Hureau	1800	0
Jean-Claude Hureau	1810	0
Jean-Claude Hureau	1820	0
Jean-Claude Hureau	1830	0
Jean-Claude Hureau	1840	0
Jean-Claude Hureau	1850	0
Jean-Claude Hureau	1860	0
Jean-Claude Hureau	1870	0
Jean-Claude Hureau	1880	0
Jean-Claude Hureau	1890	0
Jean-Claude Hureau	1900	0
Jean-Claude Hureau	1910	0
Jean-Claude Hureau	1920	0
Jean-Claude Hureau	1930	0
Jean-Claude Hureau	1940	0
Jean-Claude Hureau	1950	0
Jean-Claude Hureau	1960	1
Jean-Claude Hureau	1970	0
Jean-Claude Hureau	1980	0
?	1760	0
?	1770	0
?	1780	0
?	1790	0
?	1800	0
?	1810	0
?	1820	0
?	1830	0
?	1840	0
?	1850	0
?	1860	0
?	1870	0
?	1880	0
?	1890	0
?	1900	0
?	1910	1
?	1920	0
?	1930	1
?	1940	0
?	1950	0
?	1960	0
?	1970	0
?	1980	0
les premières missions de Port-aux-Français	1760	0
les premières missions de Port-aux-Français	1770	0
les premières missions de Port-aux-Français	1780	0
les premières missions de Port-aux-Français	1790	0
les premières missions de Port-aux-Français	1800	0
les premières missions de Port-aux-Français	1810	0
les premières missions de Port-aux-Français	1820	0
les premières missions de Port-aux-Français	1830	0
les premières missions de Port-aux-Français	1840	0
les premières missions de Port-aux-Français	1850	0
les premières missions de Port-aux-Français	1860	0
les premières missions de Port-aux-Français	1870	0
les premières missions de Port-aux-Français	1880	0
les premières missions de Port-aux-Français	1890	0
les premières missions de Port-aux-Français	1900	0
les premières missions de Port-aux-Français	1910	0
les premières missions de Port-aux-Français	1920	0
les premières missions de Port-aux-Français	1930	0
les premières missions de Port-aux-Français	1940	0
les premières missions de Port-aux-Français	1950	1
les premières missions de Port-aux-Français	1960	0
les premières missions de Port-aux-Français	1970	0
les premières missions de Port-aux-Français	1980	0
les opérateurs topographes	1760	0
les opérateurs topographes	1770	0
les opérateurs topographes	1780	0
les opérateurs topographes	1790	0
les opérateurs topographes	1800	0
les opérateurs topographes	1810	0
les opérateurs topographes	1820	0
les opérateurs topographes	1830	0
les opérateurs topographes	1840	0
les opérateurs topographes	1850	0
les opérateurs topographes	1860	0
les opérateurs topographes	1870	0
les opérateurs topographes	1880	0
les opérateurs topographes	1890	0
les opérateurs topographes	1900	0
les opérateurs topographes	1910	0
les opérateurs topographes	1920	0
les opérateurs topographes	1930	0
les opérateurs topographes	1940	0
les opérateurs topographes	1950	0
les opérateurs topographes	1960	1
les opérateurs topographes	1970	0
les opérateurs topographes	1980	0
le Service hydrographique	1760	0
le Service hydrographique	1770	0
le Service hydrographique	1780	0
le Service hydrographique	1790	0
le Service hydrographique	1800	0
le Service hydrographique	1810	0
le Service hydrographique	1820	0
le Service hydrographique	1830	0
le Service hydrographique	1840	0
le Service hydrographique	1850	0
le Service hydrographique	1860	0
le Service hydrographique	1870	0
le Service hydrographique	1880	0
le Service hydrographique	1890	0
le Service hydrographique	1900	0
le Service hydrographique	1910	0
le Service hydrographique	1920	0
le Service hydrographique	1930	1
le Service hydrographique	1940	0
le Service hydrographique	1950	0
le Service hydrographique	1960	0
le Service hydrographique	1970	0
le Service hydrographique	1980	0
les chasseurs	1760	0
les chasseurs	1770	0
les chasseurs	1780	0
les chasseurs	1790	1
les chasseurs	1800	4
les chasseurs	1810	0
les chasseurs	1820	0
les chasseurs	1830	0
les chasseurs	1840	0
les chasseurs	1850	0
les chasseurs	1860	0
les chasseurs	1870	0
les chasseurs	1880	0
les chasseurs	1890	0
les chasseurs	1900	0
les chasseurs	1910	0
les chasseurs	1920	0
les chasseurs	1930	0
les chasseurs	1940	0
les chasseurs	1950	0
les chasseurs	1960	0
les chasseurs	1970	0
les chasseurs	1980	0
l'usage local	1760	0
l'usage local	1770	0
l'usage local	1780	0
l'usage local	1790	0
l'usage local	1800	0
l'usage local	1810	0
l'usage local	1820	0
l'usage local	1830	0
l'usage local	1840	0
l'usage local	1850	0
l'usage local	1860	0
l'usage local	1870	0
l'usage local	1880	0
l'usage local	1890	0
l'usage local	1900	0
l'usage local	1910	0
l'usage local	1920	0
l'usage local	1930	0
l'usage local	1940	0
l'usage local	1950	0
l'usage local	1960	8
l'usage local	1970	0
l'usage local	1980	0
les chasseurs anglais	1760	0
les chasseurs anglais	1770	0
les chasseurs anglais	1780	0
les chasseurs anglais	1790	3
les chasseurs anglais	1800	1
les chasseurs anglais	1810	0
les chasseurs anglais	1820	0
les chasseurs anglais	1830	0
les chasseurs anglais	1840	0
les chasseurs anglais	1850	0
les chasseurs anglais	1860	0
les chasseurs anglais	1870	0
les chasseurs anglais	1880	0
les chasseurs anglais	1890	0
les chasseurs anglais	1900	0
les chasseurs anglais	1910	0
les chasseurs anglais	1920	0
les chasseurs anglais	1930	0
les chasseurs anglais	1940	0
les chasseurs anglais	1950	0
les chasseurs anglais	1960	0
les chasseurs anglais	1970	0
les chasseurs anglais	1980	0
la reconnaissance Benoît Tollu	1760	0
la reconnaissance Benoît Tollu	1770	0
la reconnaissance Benoît Tollu	1780	0
la reconnaissance Benoît Tollu	1790	0
la reconnaissance Benoît Tollu	1800	0
la reconnaissance Benoît Tollu	1810	0
la reconnaissance Benoît Tollu	1820	0
la reconnaissance Benoît Tollu	1830	0
la reconnaissance Benoît Tollu	1840	0
la reconnaissance Benoît Tollu	1850	0
la reconnaissance Benoît Tollu	1860	0
la reconnaissance Benoît Tollu	1870	0
la reconnaissance Benoît Tollu	1880	0
la reconnaissance Benoît Tollu	1890	0
la reconnaissance Benoît Tollu	1900	0
la reconnaissance Benoît Tollu	1910	0
la reconnaissance Benoît Tollu	1920	0
la reconnaissance Benoît Tollu	1930	0
la reconnaissance Benoît Tollu	1940	0
la reconnaissance Benoît Tollu	1950	0
la reconnaissance Benoît Tollu	1960	1
la reconnaissance Benoît Tollu	1970	0
la reconnaissance Benoît Tollu	1980	0
la Société des iles Kerguelen	1760	0
la Société des iles Kerguelen	1770	0
la Société des iles Kerguelen	1780	0
la Société des iles Kerguelen	1790	0
la Société des iles Kerguelen	1800	0
la Société des iles Kerguelen	1810	0
la Société des iles Kerguelen	1820	0
la Société des iles Kerguelen	1830	0
la Société des iles Kerguelen	1840	0
la Société des iles Kerguelen	1850	0
la Société des iles Kerguelen	1860	0
la Société des iles Kerguelen	1870	0
la Société des iles Kerguelen	1880	0
la Société des iles Kerguelen	1890	0
la Société des iles Kerguelen	1900	0
la Société des iles Kerguelen	1910	1
la Société des iles Kerguelen	1920	0
la Société des iles Kerguelen	1930	0
la Société des iles Kerguelen	1940	0
la Société des iles Kerguelen	1950	0
la Société des iles Kerguelen	1960	0
la Société des iles Kerguelen	1970	0
la Société des iles Kerguelen	1980	0
la reconnaissance à pied Frey - Gadat - Massart - Tyrode	1760	0
la reconnaissance à pied Frey - Gadat - Massart - Tyrode	1770	0
la reconnaissance à pied Frey - Gadat - Massart - Tyrode	1780	0
la reconnaissance à pied Frey - Gadat - Massart - Tyrode	1790	0
la reconnaissance à pied Frey - Gadat - Massart - Tyrode	1800	0
la reconnaissance à pied Frey - Gadat - Massart - Tyrode	1810	0
la reconnaissance à pied Frey - Gadat - Massart - Tyrode	1820	0
la reconnaissance à pied Frey - Gadat - Massart - Tyrode	1830	0
la reconnaissance à pied Frey - Gadat - Massart - Tyrode	1840	0
la reconnaissance à pied Frey - Gadat - Massart - Tyrode	1850	0
la reconnaissance à pied Frey - Gadat - Massart - Tyrode	1860	0
la reconnaissance à pied Frey - Gadat - Massart - Tyrode	1870	0
la reconnaissance à pied Frey - Gadat - Massart - Tyrode	1880	0
la reconnaissance à pied Frey - Gadat - Massart - Tyrode	1890	0
la reconnaissance à pied Frey - Gadat - Massart - Tyrode	1900	0
la reconnaissance à pied Frey - Gadat - Massart - Tyrode	1910	0
la reconnaissance à pied Frey - Gadat - Massart - Tyrode	1920	0
la reconnaissance à pied Frey - Gadat - Massart - Tyrode	1930	0
la reconnaissance à pied Frey - Gadat - Massart - Tyrode	1940	0
la reconnaissance à pied Frey - Gadat - Massart - Tyrode	1950	0
la reconnaissance à pied Frey - Gadat - Massart - Tyrode	1960	1
la reconnaissance à pied Frey - Gadat - Massart - Tyrode	1970	0
la reconnaissance à pied Frey - Gadat - Massart - Tyrode	1980	0
Hervé Guichard	1760	0
Hervé Guichard	1770	0
Hervé Guichard	1780	0
Hervé Guichard	1790	0
Hervé Guichard	1800	0
Hervé Guichard	1810	0
Hervé Guichard	1820	0
Hervé Guichard	1830	0
Hervé Guichard	1840	0
Hervé Guichard	1850	0
Hervé Guichard	1860	0
Hervé Guichard	1870	0
Hervé Guichard	1880	0
Hervé Guichard	1890	0
Hervé Guichard	1900	0
Hervé Guichard	1910	0
Hervé Guichard	1920	0
Hervé Guichard	1930	0
Hervé Guichard	1940	0
Hervé Guichard	1950	0
Hervé Guichard	1960	9
Hervé Guichard	1970	0
Hervé Guichard	1980	0
le professeur Bauer	1760	0
le professeur Bauer	1770	0
le professeur Bauer	1780	0
le professeur Bauer	1790	0
le professeur Bauer	1800	0
le professeur Bauer	1810	0
le professeur Bauer	1820	0
le professeur Bauer	1830	0
le professeur Bauer	1840	0
le professeur Bauer	1850	0
le professeur Bauer	1860	0
le professeur Bauer	1870	0
le professeur Bauer	1880	0
le professeur Bauer	1890	0
le professeur Bauer	1900	0
le professeur Bauer	1910	0
le professeur Bauer	1920	0
le professeur Bauer	1930	0
le professeur Bauer	1940	0
le professeur Bauer	1950	0
le professeur Bauer	1960	1
le professeur Bauer	1970	0
le professeur Bauer	1980	0
Gaston Rouillon	1760	0
Gaston Rouillon	1770	0
Gaston Rouillon	1780	0
Gaston Rouillon	1790	0
Gaston Rouillon	1800	0
Gaston Rouillon	1810	0
Gaston Rouillon	1820	0
Gaston Rouillon	1830	0
Gaston Rouillon	1840	0
Gaston Rouillon	1850	0
Gaston Rouillon	1860	0
Gaston Rouillon	1870	0
Gaston Rouillon	1880	0
Gaston Rouillon	1890	0
Gaston Rouillon	1900	0
Gaston Rouillon	1910	0
Gaston Rouillon	1920	0
Gaston Rouillon	1930	0
Gaston Rouillon	1940	0
Gaston Rouillon	1950	0
Gaston Rouillon	1960	1
Gaston Rouillon	1970	0
Gaston Rouillon	1980	0
les géographes	1760	0
les géographes	1770	0
les géographes	1780	0
les géographes	1790	0
les géographes	1800	0
les géographes	1810	0
les géographes	1820	0
les géographes	1830	0
les géographes	1840	0
les géographes	1850	0
les géographes	1860	0
les géographes	1870	0
les géographes	1880	0
les géographes	1890	0
les géographes	1900	0
les géographes	1910	0
les géographes	1920	0
les géographes	1930	0
les géographes	1940	0
les géographes	1950	0
les géographes	1960	19
les géographes	1970	0
les géographes	1980	0
Pierre Bellair	1760	0
Pierre Bellair	1770	0
Pierre Bellair	1780	0
Pierre Bellair	1790	0
Pierre Bellair	1800	0
Pierre Bellair	1810	0
Pierre Bellair	1820	0
Pierre Bellair	1830	0
Pierre Bellair	1840	0
Pierre Bellair	1850	0
Pierre Bellair	1860	0
Pierre Bellair	1870	0
Pierre Bellair	1880	0
Pierre Bellair	1890	0
Pierre Bellair	1900	0
Pierre Bellair	1910	0
Pierre Bellair	1920	0
Pierre Bellair	1930	0
Pierre Bellair	1940	0
Pierre Bellair	1950	0
Pierre Bellair	1960	1
Pierre Bellair	1970	0
Pierre Bellair	1980	0
l'aviso Bougainville	1760	0
l'aviso Bougainville	1770	0
l'aviso Bougainville	1780	0
l'aviso Bougainville	1790	0
l'aviso Bougainville	1800	0
l'aviso Bougainville	1810	0
l'aviso Bougainville	1820	0
l'aviso Bougainville	1830	0
l'aviso Bougainville	1840	0
l'aviso Bougainville	1850	0
l'aviso Bougainville	1860	0
l'aviso Bougainville	1870	0
l'aviso Bougainville	1880	0
l'aviso Bougainville	1890	0
l'aviso Bougainville	1900	0
l'aviso Bougainville	1910	0
l'aviso Bougainville	1920	0
l'aviso Bougainville	1930	1
l'aviso Bougainville	1940	0
l'aviso Bougainville	1950	0
l'aviso Bougainville	1960	0
l'aviso Bougainville	1970	0
l'aviso Bougainville	1980	0
A. Bauer	1760	0
A. Bauer	1770	0
A. Bauer	1780	0
A. Bauer	1790	0
A. Bauer	1800	0
A. Bauer	1810	0
A. Bauer	1820	0
A. Bauer	1830	0
A. Bauer	1840	0
A. Bauer	1850	0
A. Bauer	1860	0
A. Bauer	1870	0
A. Bauer	1880	0
A. Bauer	1890	0
A. Bauer	1900	0
A. Bauer	1910	0
A. Bauer	1920	0
A. Bauer	1930	0
A. Bauer	1940	0
A. Bauer	1950	0
A. Bauer	1960	43
A. Bauer	1970	0
A. Bauer	1980	0
les hydrographes de l'aviso Lapérouse	1760	0
les hydrographes de l'aviso Lapérouse	1770	0
les hydrographes de l'aviso Lapérouse	1780	0
les hydrographes de l'aviso Lapérouse	1790	0
les hydrographes de l'aviso Lapérouse	1800	0
les hydrographes de l'aviso Lapérouse	1810	0
les hydrographes de l'aviso Lapérouse	1820	0
les hydrographes de l'aviso Lapérouse	1830	0
les hydrographes de l'aviso Lapérouse	1840	0
les hydrographes de l'aviso Lapérouse	1850	0
les hydrographes de l'aviso Lapérouse	1860	0
les hydrographes de l'aviso Lapérouse	1870	0
les hydrographes de l'aviso Lapérouse	1880	0
les hydrographes de l'aviso Lapérouse	1890	0
les hydrographes de l'aviso Lapérouse	1900	0
les hydrographes de l'aviso Lapérouse	1910	0
les hydrographes de l'aviso Lapérouse	1920	0
les hydrographes de l'aviso Lapérouse	1930	0
les hydrographes de l'aviso Lapérouse	1940	0
les hydrographes de l'aviso Lapérouse	1950	1
les hydrographes de l'aviso Lapérouse	1960	0
les hydrographes de l'aviso Lapérouse	1970	0
les hydrographes de l'aviso Lapérouse	1980	0
Douglas Mawson	1760	0
Douglas Mawson	1770	0
Douglas Mawson	1780	0
Douglas Mawson	1790	0
Douglas Mawson	1800	0
Douglas Mawson	1810	0
Douglas Mawson	1820	0
Douglas Mawson	1830	0
Douglas Mawson	1840	0
Douglas Mawson	1850	0
Douglas Mawson	1860	0
Douglas Mawson	1870	0
Douglas Mawson	1880	0
Douglas Mawson	1890	0
Douglas Mawson	1900	0
Douglas Mawson	1910	0
Douglas Mawson	1920	0
Douglas Mawson	1930	1
Douglas Mawson	1940	0
Douglas Mawson	1950	0
Douglas Mawson	1960	0
Douglas Mawson	1970	0
Douglas Mawson	1980	0
H. de Corbiac	1760	0
H. de Corbiac	1770	0
H. de Corbiac	1780	0
H. de Corbiac	1790	0
H. de Corbiac	1800	0
H. de Corbiac	1810	0
H. de Corbiac	1820	0
H. de Corbiac	1830	0
H. de Corbiac	1840	0
H. de Corbiac	1850	0
H. de Corbiac	1860	0
H. de Corbiac	1870	0
H. de Corbiac	1880	0
H. de Corbiac	1890	0
H. de Corbiac	1900	0
H. de Corbiac	1910	0
H. de Corbiac	1920	0
H. de Corbiac	1930	0
H. de Corbiac	1940	0
H. de Corbiac	1950	0
H. de Corbiac	1960	15
H. de Corbiac	1970	0
H. de Corbiac	1980	0
les géodésiens	1760	0
les géodésiens	1770	0
les géodésiens	1780	0
les géodésiens	1790	0
les géodésiens	1800	0
les géodésiens	1810	0
les géodésiens	1820	0
les géodésiens	1830	0
les géodésiens	1840	0
les géodésiens	1850	0
les géodésiens	1860	0
les géodésiens	1870	0
les géodésiens	1880	0
les géodésiens	1890	0
les géodésiens	1900	0
les géodésiens	1910	0
les géodésiens	1920	0
les géodésiens	1930	0
les géodésiens	1940	0
les géodésiens	1950	0
les géodésiens	1960	1
les géodésiens	1970	0
les géodésiens	1980	0
P. Bellair	1760	0
P. Bellair	1770	0
P. Bellair	1780	0
P. Bellair	1790	0
P. Bellair	1800	0
P. Bellair	1810	0
P. Bellair	1820	0
P. Bellair	1830	0
P. Bellair	1840	0
P. Bellair	1850	0
P. Bellair	1860	0
P. Bellair	1870	0
P. Bellair	1880	0
P. Bellair	1890	0
P. Bellair	1900	0
P. Bellair	1910	0
P. Bellair	1920	0
P. Bellair	1930	0
P. Bellair	1940	0
P. Bellair	1950	0
P. Bellair	1960	3
P. Bellair	1970	0
P. Bellair	1980	0
Jacques nougier	1760	0
Jacques nougier	1770	0
Jacques nougier	1780	0
Jacques nougier	1790	0
Jacques nougier	1800	0
Jacques nougier	1810	0
Jacques nougier	1820	0
Jacques nougier	1830	0
Jacques nougier	1840	0
Jacques nougier	1850	0
Jacques nougier	1860	0
Jacques nougier	1870	0
Jacques nougier	1880	0
Jacques nougier	1890	0
Jacques nougier	1900	0
Jacques nougier	1910	0
Jacques nougier	1920	0
Jacques nougier	1930	0
Jacques nougier	1940	0
Jacques nougier	1950	0
Jacques nougier	1960	2
Jacques nougier	1970	0
Jacques nougier	1980	0
Volot	1760	0
Volot	1770	0
Volot	1780	0
Volot	1790	0
Volot	1800	0
Volot	1810	0
Volot	1820	0
Volot	1830	0
Volot	1840	0
Volot	1850	0
Volot	1860	0
Volot	1870	0
Volot	1880	0
Volot	1890	0
Volot	1900	0
Volot	1910	0
Volot	1920	0
Volot	1930	0
Volot	1940	0
Volot	1950	0
Volot	1960	2
Volot	1970	0
Volot	1980	0
Mouzon	1760	0
Mouzon	1770	0
Mouzon	1780	0
Mouzon	1790	0
Mouzon	1800	0
Mouzon	1810	0
Mouzon	1820	0
Mouzon	1830	0
Mouzon	1840	0
Mouzon	1850	0
Mouzon	1860	0
Mouzon	1870	0
Mouzon	1880	0
Mouzon	1890	0
Mouzon	1900	0
Mouzon	1910	0
Mouzon	1920	0
Mouzon	1930	0
Mouzon	1940	0
Mouzon	1950	7
Mouzon	1960	1
Mouzon	1970	0
Mouzon	1980	0
M. Bilhaut	1760	0
M. Bilhaut	1770	0
M. Bilhaut	1780	0
M. Bilhaut	1790	0
M. Bilhaut	1800	0
M. Bilhaut	1810	0
M. Bilhaut	1820	0
M. Bilhaut	1830	0
M. Bilhaut	1840	0
M. Bilhaut	1850	0
M. Bilhaut	1860	0
M. Bilhaut	1870	0
M. Bilhaut	1880	0
M. Bilhaut	1890	0
M. Bilhaut	1900	0
M. Bilhaut	1910	0
M. Bilhaut	1920	0
M. Bilhaut	1930	0
M. Bilhaut	1940	0
M. Bilhaut	1950	0
M. Bilhaut	1960	1
M. Bilhaut	1970	0
M. Bilhaut	1980	0
la reconnaissance de 1965 (Bon Mardion)	1760	0
la reconnaissance de 1965 (Bon Mardion)	1770	0
la reconnaissance de 1965 (Bon Mardion)	1780	0
la reconnaissance de 1965 (Bon Mardion)	1790	0
la reconnaissance de 1965 (Bon Mardion)	1800	0
la reconnaissance de 1965 (Bon Mardion)	1810	0
la reconnaissance de 1965 (Bon Mardion)	1820	0
la reconnaissance de 1965 (Bon Mardion)	1830	0
la reconnaissance de 1965 (Bon Mardion)	1840	0
la reconnaissance de 1965 (Bon Mardion)	1850	0
la reconnaissance de 1965 (Bon Mardion)	1860	0
la reconnaissance de 1965 (Bon Mardion)	1870	0
la reconnaissance de 1965 (Bon Mardion)	1880	0
la reconnaissance de 1965 (Bon Mardion)	1890	0
la reconnaissance de 1965 (Bon Mardion)	1900	0
la reconnaissance de 1965 (Bon Mardion)	1910	0
la reconnaissance de 1965 (Bon Mardion)	1920	0
la reconnaissance de 1965 (Bon Mardion)	1930	0
la reconnaissance de 1965 (Bon Mardion)	1940	0
la reconnaissance de 1965 (Bon Mardion)	1950	0
la reconnaissance de 1965 (Bon Mardion)	1960	1
la reconnaissance de 1965 (Bon Mardion)	1970	0
la reconnaissance de 1965 (Bon Mardion)	1980	0
le Service de la Marine	1760	0
le Service de la Marine	1770	0
le Service de la Marine	1780	0
le Service de la Marine	1790	0
le Service de la Marine	1800	0
le Service de la Marine	1810	0
le Service de la Marine	1820	0
le Service de la Marine	1830	0
le Service de la Marine	1840	0
le Service de la Marine	1850	0
le Service de la Marine	1860	0
le Service de la Marine	1870	0
le Service de la Marine	1880	0
le Service de la Marine	1890	0
le Service de la Marine	1900	0
le Service de la Marine	1910	1
le Service de la Marine	1920	0
le Service de la Marine	1930	0
le Service de la Marine	1940	0
le Service de la Marine	1950	0
le Service de la Marine	1960	0
le Service de la Marine	1970	0
le Service de la Marine	1980	0
les missions hélicoptères de l'Armée de l'Air	1760	0
les missions hélicoptères de l'Armée de l'Air	1770	0
les missions hélicoptères de l'Armée de l'Air	1780	0
les missions hélicoptères de l'Armée de l'Air	1790	0
les missions hélicoptères de l'Armée de l'Air	1800	0
les missions hélicoptères de l'Armée de l'Air	1810	0
les missions hélicoptères de l'Armée de l'Air	1820	0
les missions hélicoptères de l'Armée de l'Air	1830	0
les missions hélicoptères de l'Armée de l'Air	1840	0
les missions hélicoptères de l'Armée de l'Air	1850	0
les missions hélicoptères de l'Armée de l'Air	1860	0
les missions hélicoptères de l'Armée de l'Air	1870	0
les missions hélicoptères de l'Armée de l'Air	1880	0
les missions hélicoptères de l'Armée de l'Air	1890	0
les missions hélicoptères de l'Armée de l'Air	1900	0
les missions hélicoptères de l'Armée de l'Air	1910	0
les missions hélicoptères de l'Armée de l'Air	1920	0
les missions hélicoptères de l'Armée de l'Air	1930	0
les missions hélicoptères de l'Armée de l'Air	1940	0
les missions hélicoptères de l'Armée de l'Air	1950	0
les missions hélicoptères de l'Armée de l'Air	1960	1
les missions hélicoptères de l'Armée de l'Air	1970	0
les missions hélicoptères de l'Armée de l'Air	1980	0
B. Frölich	1760	0
B. Frölich	1770	0
B. Frölich	1780	0
B. Frölich	1790	0
B. Frölich	1800	0
B. Frölich	1810	0
B. Frölich	1820	0
B. Frölich	1830	0
B. Frölich	1840	0
B. Frölich	1850	0
B. Frölich	1860	0
B. Frölich	1870	0
B. Frölich	1880	0
B. Frölich	1890	0
B. Frölich	1900	0
B. Frölich	1910	0
B. Frölich	1920	0
B. Frölich	1930	0
B. Frölich	1940	0
B. Frölich	1950	0
B. Frölich	1960	2
B. Frölich	1970	0
B. Frölich	1980	0
le Professeur Bauer	1760	0
le Professeur Bauer	1770	0
le Professeur Bauer	1780	0
le Professeur Bauer	1790	0
le Professeur Bauer	1800	0
le Professeur Bauer	1810	0
le Professeur Bauer	1820	0
le Professeur Bauer	1830	0
le Professeur Bauer	1840	0
le Professeur Bauer	1850	0
le Professeur Bauer	1860	0
le Professeur Bauer	1870	0
le Professeur Bauer	1880	0
le Professeur Bauer	1890	0
le Professeur Bauer	1900	0
le Professeur Bauer	1910	0
le Professeur Bauer	1920	0
le Professeur Bauer	1930	0
le Professeur Bauer	1940	0
le Professeur Bauer	1950	0
le Professeur Bauer	1960	1
le Professeur Bauer	1970	0
le Professeur Bauer	1980	0
le Lapérouse (triangulation des géographes)	1760	0
le Lapérouse (triangulation des géographes)	1770	0
le Lapérouse (triangulation des géographes)	1780	0
le Lapérouse (triangulation des géographes)	1790	0
le Lapérouse (triangulation des géographes)	1800	0
le Lapérouse (triangulation des géographes)	1810	0
le Lapérouse (triangulation des géographes)	1820	0
le Lapérouse (triangulation des géographes)	1830	0
le Lapérouse (triangulation des géographes)	1840	0
le Lapérouse (triangulation des géographes)	1850	0
le Lapérouse (triangulation des géographes)	1860	0
le Lapérouse (triangulation des géographes)	1870	0
le Lapérouse (triangulation des géographes)	1880	0
le Lapérouse (triangulation des géographes)	1890	0
le Lapérouse (triangulation des géographes)	1900	0
le Lapérouse (triangulation des géographes)	1910	0
le Lapérouse (triangulation des géographes)	1920	0
le Lapérouse (triangulation des géographes)	1930	0
le Lapérouse (triangulation des géographes)	1940	0
le Lapérouse (triangulation des géographes)	1950	1
le Lapérouse (triangulation des géographes)	1960	0
le Lapérouse (triangulation des géographes)	1970	0
le Lapérouse (triangulation des géographes)	1980	0
P. Cormier	1760	0
P. Cormier	1770	0
P. Cormier	1780	0
P. Cormier	1790	0
P. Cormier	1800	0
P. Cormier	1810	0
P. Cormier	1820	0
P. Cormier	1830	0
P. Cormier	1840	0
P. Cormier	1850	0
P. Cormier	1860	0
P. Cormier	1870	0
P. Cormier	1880	0
P. Cormier	1890	0
P. Cormier	1900	0
P. Cormier	1910	0
P. Cormier	1920	0
P. Cormier	1930	0
P. Cormier	1940	0
P. Cormier	1950	0
P. Cormier	1960	2
P. Cormier	1970	0
P. Cormier	1980	0
G. Rouillon	1760	0
G. Rouillon	1770	0
G. Rouillon	1780	0
G. Rouillon	1790	0
G. Rouillon	1800	0
G. Rouillon	1810	0
G. Rouillon	1820	0
G. Rouillon	1830	0
G. Rouillon	1840	0
G. Rouillon	1850	0
G. Rouillon	1860	0
G. Rouillon	1870	0
G. Rouillon	1880	0
G. Rouillon	1890	0
G. Rouillon	1900	0
G. Rouillon	1910	0
G. Rouillon	1920	0
G. Rouillon	1930	0
G. Rouillon	1940	0
G. Rouillon	1950	0
G. Rouillon	1960	2
G. Rouillon	1970	0
G. Rouillon	1980	0
H. Guichard	1760	0
H. Guichard	1770	0
H. Guichard	1780	0
H. Guichard	1790	0
H. Guichard	1800	0
H. Guichard	1810	0
H. Guichard	1820	0
H. Guichard	1830	0
H. Guichard	1840	0
H. Guichard	1850	0
H. Guichard	1860	0
H. Guichard	1870	0
H. Guichard	1880	0
H. Guichard	1890	0
H. Guichard	1900	0
H. Guichard	1910	0
H. Guichard	1920	0
H. Guichard	1930	0
H. Guichard	1940	0
H. Guichard	1950	0
H. Guichard	1960	16
H. Guichard	1970	0
H. Guichard	1980	0
Henri Bossière	1760	0
Henri Bossière	1770	0
Henri Bossière	1780	0
Henri Bossière	1790	0
Henri Bossière	1800	0
Henri Bossière	1810	0
Henri Bossière	1820	0
Henri Bossière	1830	0
Henri Bossière	1840	0
Henri Bossière	1850	0
Henri Bossière	1860	0
Henri Bossière	1870	0
Henri Bossière	1880	0
Henri Bossière	1890	0
Henri Bossière	1900	1
Henri Bossière	1910	0
Henri Bossière	1920	0
Henri Bossière	1930	0
Henri Bossière	1940	0
Henri Bossière	1950	0
Henri Bossière	1960	0
Henri Bossière	1970	0
Henri Bossière	1980	0
les chasseurs américains	1760	0
les chasseurs américains	1770	0
les chasseurs américains	1780	0
les chasseurs américains	1790	2
les chasseurs américains	1800	0
les chasseurs américains	1810	0
les chasseurs américains	1820	0
les chasseurs américains	1830	0
les chasseurs américains	1840	0
les chasseurs américains	1850	0
les chasseurs américains	1860	0
les chasseurs américains	1870	0
les chasseurs américains	1880	0
les chasseurs américains	1890	0
les chasseurs américains	1900	0
les chasseurs américains	1910	0
les chasseurs américains	1920	0
les chasseurs américains	1930	0
les chasseurs américains	1940	0
les chasseurs américains	1950	0
les chasseurs américains	1960	0
les chasseurs américains	1970	0
les chasseurs américains	1980	0
le capitaine Rhodes	1760	0
le capitaine Rhodes	1770	1
le capitaine Rhodes	1780	0
le capitaine Rhodes	1790	0
le capitaine Rhodes	1800	0
le capitaine Rhodes	1810	0
le capitaine Rhodes	1820	0
le capitaine Rhodes	1830	0
le capitaine Rhodes	1840	0
le capitaine Rhodes	1850	0
le capitaine Rhodes	1860	0
le capitaine Rhodes	1870	0
le capitaine Rhodes	1880	0
le capitaine Rhodes	1890	0
le capitaine Rhodes	1900	0
le capitaine Rhodes	1910	0
le capitaine Rhodes	1920	0
le capitaine Rhodes	1930	0
le capitaine Rhodes	1940	0
le capitaine Rhodes	1950	0
le capitaine Rhodes	1960	0
le capitaine Rhodes	1970	0
le capitaine Rhodes	1980	0
L. Leclaire	1760	0
L. Leclaire	1770	0
L. Leclaire	1780	0
L. Leclaire	1790	0
L. Leclaire	1800	0
L. Leclaire	1810	0
L. Leclaire	1820	0
L. Leclaire	1830	0
L. Leclaire	1840	0
L. Leclaire	1850	0
L. Leclaire	1860	0
L. Leclaire	1870	0
L. Leclaire	1880	0
L. Leclaire	1890	0
L. Leclaire	1900	0
L. Leclaire	1910	0
L. Leclaire	1920	0
L. Leclaire	1930	0
L. Leclaire	1940	0
L. Leclaire	1950	0
L. Leclaire	1960	1
L. Leclaire	1970	0
L. Leclaire	1980	0
D. Mawson	1760	0
D. Mawson	1770	0
D. Mawson	1780	0
D. Mawson	1790	0
D. Mawson	1800	0
D. Mawson	1810	0
D. Mawson	1820	0
D. Mawson	1830	0
D. Mawson	1840	0
D. Mawson	1850	0
D. Mawson	1860	0
D. Mawson	1870	0
D. Mawson	1880	0
D. Mawson	1890	0
D. Mawson	1900	0
D. Mawson	1910	0
D. Mawson	1920	0
D. Mawson	1930	1
D. Mawson	1940	0
D. Mawson	1950	0
D. Mawson	1960	0
D. Mawson	1970	0
D. Mawson	1980	0
l'expédition de Mouzon	1760	0
l'expédition de Mouzon	1770	0
l'expédition de Mouzon	1780	0
l'expédition de Mouzon	1790	0
l'expédition de Mouzon	1800	0
l'expédition de Mouzon	1810	0
l'expédition de Mouzon	1820	0
l'expédition de Mouzon	1830	0
l'expédition de Mouzon	1840	0
l'expédition de Mouzon	1850	0
l'expédition de Mouzon	1860	0
l'expédition de Mouzon	1870	0
l'expédition de Mouzon	1880	0
l'expédition de Mouzon	1890	0
l'expédition de Mouzon	1900	0
l'expédition de Mouzon	1910	0
l'expédition de Mouzon	1920	0
l'expédition de Mouzon	1930	0
l'expédition de Mouzon	1940	0
l'expédition de Mouzon	1950	1
l'expédition de Mouzon	1960	0
l'expédition de Mouzon	1970	0
l'expédition de Mouzon	1980	0
La Curieuse (Rallier du Baty)	1760	0
La Curieuse (Rallier du Baty)	1770	0
La Curieuse (Rallier du Baty)	1780	0
La Curieuse (Rallier du Baty)	1790	0
La Curieuse (Rallier du Baty)	1800	0
La Curieuse (Rallier du Baty)	1810	0
La Curieuse (Rallier du Baty)	1820	0
La Curieuse (Rallier du Baty)	1830	0
La Curieuse (Rallier du Baty)	1840	0
La Curieuse (Rallier du Baty)	1850	0
La Curieuse (Rallier du Baty)	1860	0
La Curieuse (Rallier du Baty)	1870	0
La Curieuse (Rallier du Baty)	1880	0
La Curieuse (Rallier du Baty)	1890	0
La Curieuse (Rallier du Baty)	1900	0
La Curieuse (Rallier du Baty)	1910	1
La Curieuse (Rallier du Baty)	1920	0
La Curieuse (Rallier du Baty)	1930	0
La Curieuse (Rallier du Baty)	1940	0
La Curieuse (Rallier du Baty)	1950	0
La Curieuse (Rallier du Baty)	1960	0
La Curieuse (Rallier du Baty)	1970	0
La Curieuse (Rallier du Baty)	1980	0
la reconnaissance de l'équipe Jalon	1760	0
la reconnaissance de l'équipe Jalon	1770	0
la reconnaissance de l'équipe Jalon	1780	0
la reconnaissance de l'équipe Jalon	1790	0
la reconnaissance de l'équipe Jalon	1800	0
la reconnaissance de l'équipe Jalon	1810	0
la reconnaissance de l'équipe Jalon	1820	0
la reconnaissance de l'équipe Jalon	1830	0
la reconnaissance de l'équipe Jalon	1840	0
la reconnaissance de l'équipe Jalon	1850	0
la reconnaissance de l'équipe Jalon	1860	0
la reconnaissance de l'équipe Jalon	1870	0
la reconnaissance de l'équipe Jalon	1880	0
la reconnaissance de l'équipe Jalon	1890	0
la reconnaissance de l'équipe Jalon	1900	0
la reconnaissance de l'équipe Jalon	1910	0
la reconnaissance de l'équipe Jalon	1920	0
la reconnaissance de l'équipe Jalon	1930	0
la reconnaissance de l'équipe Jalon	1940	0
la reconnaissance de l'équipe Jalon	1950	0
la reconnaissance de l'équipe Jalon	1960	1
la reconnaissance de l'équipe Jalon	1970	0
la reconnaissance de l'équipe Jalon	1980	0
le Challenger	1760	0
le Challenger	1770	0
le Challenger	1780	0
le Challenger	1790	0
le Challenger	1800	0
le Challenger	1810	0
le Challenger	1820	0
le Challenger	1830	0
le Challenger	1840	0
le Challenger	1850	0
le Challenger	1860	0
le Challenger	1870	1
le Challenger	1880	0
le Challenger	1890	0
le Challenger	1900	0
le Challenger	1910	0
le Challenger	1920	0
le Challenger	1930	0
le Challenger	1940	0
le Challenger	1950	0
le Challenger	1960	0
le Challenger	1970	0
le Challenger	1980	0
Le Bougainville	1760	0
Le Bougainville	1770	0
Le Bougainville	1780	0
Le Bougainville	1790	0
Le Bougainville	1800	0
Le Bougainville	1810	0
Le Bougainville	1820	0
Le Bougainville	1830	0
Le Bougainville	1840	0
Le Bougainville	1850	0
Le Bougainville	1860	0
Le Bougainville	1870	0
Le Bougainville	1880	0
Le Bougainville	1890	0
Le Bougainville	1900	0
Le Bougainville	1910	0
Le Bougainville	1920	0
Le Bougainville	1930	1
Le Bougainville	1940	0
Le Bougainville	1950	0
Le Bougainville	1960	0
Le Bougainville	1970	0
Le Bougainville	1980	0
la 4ème mission à Port-aux-Français	1760	0
la 4ème mission à Port-aux-Français	1770	0
la 4ème mission à Port-aux-Français	1780	0
la 4ème mission à Port-aux-Français	1790	0
la 4ème mission à Port-aux-Français	1800	0
la 4ème mission à Port-aux-Français	1810	0
la 4ème mission à Port-aux-Français	1820	0
la 4ème mission à Port-aux-Français	1830	0
la 4ème mission à Port-aux-Français	1840	0
la 4ème mission à Port-aux-Français	1850	0
la 4ème mission à Port-aux-Français	1860	0
la 4ème mission à Port-aux-Français	1870	0
la 4ème mission à Port-aux-Français	1880	0
la 4ème mission à Port-aux-Français	1890	0
la 4ème mission à Port-aux-Français	1900	0
la 4ème mission à Port-aux-Français	1910	0
la 4ème mission à Port-aux-Français	1920	0
la 4ème mission à Port-aux-Français	1930	0
la 4ème mission à Port-aux-Français	1940	0
la 4ème mission à Port-aux-Français	1950	1
la 4ème mission à Port-aux-Français	1960	0
la 4ème mission à Port-aux-Français	1970	0
la 4ème mission à Port-aux-Français	1980	0
Roulet-Matton	1760	0
Roulet-Matton	1770	0
Roulet-Matton	1780	0
Roulet-Matton	1790	0
Roulet-Matton	1800	0
Roulet-Matton	1810	0
Roulet-Matton	1820	0
Roulet-Matton	1830	0
Roulet-Matton	1840	0
Roulet-Matton	1850	0
Roulet-Matton	1860	0
Roulet-Matton	1870	0
Roulet-Matton	1880	0
Roulet-Matton	1890	0
Roulet-Matton	1900	0
Roulet-Matton	1910	0
Roulet-Matton	1920	0
Roulet-Matton	1930	0
Roulet-Matton	1940	0
Roulet-Matton	1950	0
Roulet-Matton	1960	1
Roulet-Matton	1970	0
Roulet-Matton	1980	0
le Lapérouse	1760	0
le Lapérouse	1770	0
le Lapérouse	1780	0
le Lapérouse	1790	0
le Lapérouse	1800	0
le Lapérouse	1810	0
le Lapérouse	1820	0
le Lapérouse	1830	0
le Lapérouse	1840	0
le Lapérouse	1850	0
le Lapérouse	1860	0
le Lapérouse	1870	0
le Lapérouse	1880	0
le Lapérouse	1890	0
le Lapérouse	1900	0
le Lapérouse	1910	0
le Lapérouse	1920	0
le Lapérouse	1930	0
le Lapérouse	1940	0
le Lapérouse	1950	1
le Lapérouse	1960	0
le Lapérouse	1970	0
le Lapérouse	1980	0
l'usage	1760	0
l'usage	1770	0
l'usage	1780	0
l'usage	1790	0
l'usage	1800	0
l'usage	1810	0
l'usage	1820	0
l'usage	1830	0
l'usage	1840	0
l'usage	1850	0
l'usage	1860	0
l'usage	1870	0
l'usage	1880	0
l'usage	1890	0
l'usage	1900	0
l'usage	1910	0
l'usage	1920	0
l'usage	1930	0
l'usage	1940	0
l'usage	1950	0
l'usage	1960	1
l'usage	1970	0
l'usage	1980	0
le groupe de travail de toponymie	1760	0
le groupe de travail de toponymie	1770	0
le groupe de travail de toponymie	1780	0
le groupe de travail de toponymie	1790	0
le groupe de travail de toponymie	1800	0
le groupe de travail de toponymie	1810	0
le groupe de travail de toponymie	1820	0
le groupe de travail de toponymie	1830	0
le groupe de travail de toponymie	1840	0
le groupe de travail de toponymie	1850	0
le groupe de travail de toponymie	1860	0
le groupe de travail de toponymie	1870	0
le groupe de travail de toponymie	1880	0
le groupe de travail de toponymie	1890	0
le groupe de travail de toponymie	1900	0
le groupe de travail de toponymie	1910	0
le groupe de travail de toponymie	1920	0
le groupe de travail de toponymie	1930	0
le groupe de travail de toponymie	1940	0
le groupe de travail de toponymie	1950	0
le groupe de travail de toponymie	1960	1
le groupe de travail de toponymie	1970	0
le groupe de travail de toponymie	1980	0
l'expédition du Volage	1760	0
l'expédition du Volage	1770	0
l'expédition du Volage	1780	0
l'expédition du Volage	1790	0
l'expédition du Volage	1800	0
l'expédition du Volage	1810	0
l'expédition du Volage	1820	0
l'expédition du Volage	1830	0
l'expédition du Volage	1840	0
l'expédition du Volage	1850	0
l'expédition du Volage	1860	0
l'expédition du Volage	1870	1
l'expédition du Volage	1880	0
l'expédition du Volage	1890	0
l'expédition du Volage	1900	0
l'expédition du Volage	1910	0
l'expédition du Volage	1920	0
l'expédition du Volage	1930	0
l'expédition du Volage	1940	0
l'expédition du Volage	1950	0
l'expédition du Volage	1960	0
l'expédition du Volage	1970	0
l'expédition du Volage	1980	0
les premières missions françaises	1760	0
les premières missions françaises	1770	0
les premières missions françaises	1780	0
les premières missions françaises	1790	0
les premières missions françaises	1800	0
les premières missions françaises	1810	0
les premières missions françaises	1820	0
les premières missions françaises	1830	0
les premières missions françaises	1840	0
les premières missions françaises	1850	0
les premières missions françaises	1860	0
les premières missions françaises	1870	0
les premières missions françaises	1880	0
les premières missions françaises	1890	0
les premières missions françaises	1900	0
les premières missions françaises	1910	0
les premières missions françaises	1920	0
les premières missions françaises	1930	0
les premières missions françaises	1940	1
les premières missions françaises	1950	0
les premières missions françaises	1960	0
les premières missions françaises	1970	0
les premières missions françaises	1980	0
les premières missions	1760	0
les premières missions	1770	0
les premières missions	1780	0
les premières missions	1790	0
les premières missions	1800	0
les premières missions	1810	0
les premières missions	1820	0
les premières missions	1830	0
les premières missions	1840	0
les premières missions	1850	0
les premières missions	1860	0
les premières missions	1870	0
les premières missions	1880	0
les premières missions	1890	0
les premières missions	1900	0
les premières missions	1910	0
les premières missions	1920	0
les premières missions	1930	0
les premières missions	1940	0
les premières missions	1950	1
les premières missions	1960	0
les premières missions	1970	0
les premières missions	1980	0
la firme anglo-norvégienne Storm Bull de Capetown	1760	0
la firme anglo-norvégienne Storm Bull de Capetown	1770	0
la firme anglo-norvégienne Storm Bull de Capetown	1780	0
la firme anglo-norvégienne Storm Bull de Capetown	1790	0
la firme anglo-norvégienne Storm Bull de Capetown	1800	0
la firme anglo-norvégienne Storm Bull de Capetown	1810	0
la firme anglo-norvégienne Storm Bull de Capetown	1820	0
la firme anglo-norvégienne Storm Bull de Capetown	1830	0
la firme anglo-norvégienne Storm Bull de Capetown	1840	0
la firme anglo-norvégienne Storm Bull de Capetown	1850	0
la firme anglo-norvégienne Storm Bull de Capetown	1860	0
la firme anglo-norvégienne Storm Bull de Capetown	1870	0
la firme anglo-norvégienne Storm Bull de Capetown	1880	0
la firme anglo-norvégienne Storm Bull de Capetown	1890	0
la firme anglo-norvégienne Storm Bull de Capetown	1900	1
la firme anglo-norvégienne Storm Bull de Capetown	1910	0
la firme anglo-norvégienne Storm Bull de Capetown	1920	0
la firme anglo-norvégienne Storm Bull de Capetown	1930	0
la firme anglo-norvégienne Storm Bull de Capetown	1940	0
la firme anglo-norvégienne Storm Bull de Capetown	1950	0
la firme anglo-norvégienne Storm Bull de Capetown	1960	0
la firme anglo-norvégienne Storm Bull de Capetown	1970	0
la firme anglo-norvégienne Storm Bull de Capetown	1980	0
la mission bathymétrique Leclaire	1760	0
la mission bathymétrique Leclaire	1770	0
la mission bathymétrique Leclaire	1780	0
la mission bathymétrique Leclaire	1790	0
la mission bathymétrique Leclaire	1800	0
la mission bathymétrique Leclaire	1810	0
la mission bathymétrique Leclaire	1820	0
la mission bathymétrique Leclaire	1830	0
la mission bathymétrique Leclaire	1840	0
la mission bathymétrique Leclaire	1850	0
la mission bathymétrique Leclaire	1860	0
la mission bathymétrique Leclaire	1870	0
la mission bathymétrique Leclaire	1880	0
la mission bathymétrique Leclaire	1890	0
la mission bathymétrique Leclaire	1900	0
la mission bathymétrique Leclaire	1910	0
la mission bathymétrique Leclaire	1920	0
la mission bathymétrique Leclaire	1930	0
la mission bathymétrique Leclaire	1940	0
la mission bathymétrique Leclaire	1950	0
la mission bathymétrique Leclaire	1960	1
la mission bathymétrique Leclaire	1970	0
la mission bathymétrique Leclaire	1980	0
le Génie de l'Air	1760	0
le Génie de l'Air	1770	0
le Génie de l'Air	1780	0
le Génie de l'Air	1790	0
le Génie de l'Air	1800	0
le Génie de l'Air	1810	0
le Génie de l'Air	1820	0
le Génie de l'Air	1830	0
le Génie de l'Air	1840	0
le Génie de l'Air	1850	0
le Génie de l'Air	1860	0
le Génie de l'Air	1870	0
le Génie de l'Air	1880	0
le Génie de l'Air	1890	0
le Génie de l'Air	1900	0
le Génie de l'Air	1910	0
le Génie de l'Air	1920	0
le Génie de l'Air	1930	0
le Génie de l'Air	1940	0
le Génie de l'Air	1950	1
le Génie de l'Air	1960	0
le Génie de l'Air	1970	0
le Génie de l'Air	1980	0
l'expédition de la Curieuse	1760	0
l'expédition de la Curieuse	1770	0
l'expédition de la Curieuse	1780	0
l'expédition de la Curieuse	1790	0
l'expédition de la Curieuse	1800	0
l'expédition de la Curieuse	1810	0
l'expédition de la Curieuse	1820	0
l'expédition de la Curieuse	1830	0
l'expédition de la Curieuse	1840	0
l'expédition de la Curieuse	1850	0
l'expédition de la Curieuse	1860	0
l'expédition de la Curieuse	1870	0
l'expédition de la Curieuse	1880	0
l'expédition de la Curieuse	1890	0
l'expédition de la Curieuse	1900	0
l'expédition de la Curieuse	1910	1
l'expédition de la Curieuse	1920	0
l'expédition de la Curieuse	1930	0
l'expédition de la Curieuse	1940	0
l'expédition de la Curieuse	1950	0
l'expédition de la Curieuse	1960	0
l'expédition de la Curieuse	1970	0
l'expédition de la Curieuse	1980	0
les anciens pêcheurs anglo-américains	1760	0
les anciens pêcheurs anglo-américains	1770	0
les anciens pêcheurs anglo-américains	1780	0
les anciens pêcheurs anglo-américains	1790	1
les anciens pêcheurs anglo-américains	1800	3
les anciens pêcheurs anglo-américains	1810	0
les anciens pêcheurs anglo-américains	1820	0
les anciens pêcheurs anglo-américains	1830	0
les anciens pêcheurs anglo-américains	1840	0
les anciens pêcheurs anglo-américains	1850	0
les anciens pêcheurs anglo-américains	1860	0
les anciens pêcheurs anglo-américains	1870	0
les anciens pêcheurs anglo-américains	1880	0
les anciens pêcheurs anglo-américains	1890	0
les anciens pêcheurs anglo-américains	1900	0
les anciens pêcheurs anglo-américains	1910	0
les anciens pêcheurs anglo-américains	1920	0
les anciens pêcheurs anglo-américains	1930	0
les anciens pêcheurs anglo-américains	1940	0
les anciens pêcheurs anglo-américains	1950	0
les anciens pêcheurs anglo-américains	1960	0
les anciens pêcheurs anglo-américains	1970	0
les anciens pêcheurs anglo-américains	1980	0
les pêcheurs anglais	1760	0
les pêcheurs anglais	1770	0
les pêcheurs anglais	1780	0
les pêcheurs anglais	1790	0
les pêcheurs anglais	1800	0
les pêcheurs anglais	1810	0
les pêcheurs anglais	1820	0
les pêcheurs anglais	1830	0
les pêcheurs anglais	1840	0
les pêcheurs anglais	1850	1
les pêcheurs anglais	1860	0
les pêcheurs anglais	1870	0
les pêcheurs anglais	1880	0
les pêcheurs anglais	1890	0
les pêcheurs anglais	1900	0
les pêcheurs anglais	1910	0
les pêcheurs anglais	1920	0
les pêcheurs anglais	1930	0
les pêcheurs anglais	1940	0
les pêcheurs anglais	1950	0
les pêcheurs anglais	1960	0
les pêcheurs anglais	1970	0
les pêcheurs anglais	1980	0
le capitaine Cook	1760	0
le capitaine Cook	1770	1
le capitaine Cook	1780	0
le capitaine Cook	1790	0
le capitaine Cook	1800	0
le capitaine Cook	1810	0
le capitaine Cook	1820	0
le capitaine Cook	1830	0
le capitaine Cook	1840	0
le capitaine Cook	1850	0
le capitaine Cook	1860	0
le capitaine Cook	1870	0
le capitaine Cook	1880	0
le capitaine Cook	1890	0
le capitaine Cook	1900	0
le capitaine Cook	1910	0
le capitaine Cook	1920	0
le capitaine Cook	1930	0
le capitaine Cook	1940	0
le capitaine Cook	1950	0
le capitaine Cook	1960	0
le capitaine Cook	1970	0
le capitaine Cook	1980	0
les anciens pêcheurs à l'Ile de l'Ouest	1760	0
les anciens pêcheurs à l'Ile de l'Ouest	1770	0
les anciens pêcheurs à l'Ile de l'Ouest	1780	0
les anciens pêcheurs à l'Ile de l'Ouest	1790	0
les anciens pêcheurs à l'Ile de l'Ouest	1800	1
les anciens pêcheurs à l'Ile de l'Ouest	1810	0
les anciens pêcheurs à l'Ile de l'Ouest	1820	0
les anciens pêcheurs à l'Ile de l'Ouest	1830	0
les anciens pêcheurs à l'Ile de l'Ouest	1840	0
les anciens pêcheurs à l'Ile de l'Ouest	1850	0
les anciens pêcheurs à l'Ile de l'Ouest	1860	0
les anciens pêcheurs à l'Ile de l'Ouest	1870	0
les anciens pêcheurs à l'Ile de l'Ouest	1880	0
les anciens pêcheurs à l'Ile de l'Ouest	1890	0
les anciens pêcheurs à l'Ile de l'Ouest	1900	0
les anciens pêcheurs à l'Ile de l'Ouest	1910	0
les anciens pêcheurs à l'Ile de l'Ouest	1920	0
les anciens pêcheurs à l'Ile de l'Ouest	1930	0
les anciens pêcheurs à l'Ile de l'Ouest	1940	0
les anciens pêcheurs à l'Ile de l'Ouest	1950	0
les anciens pêcheurs à l'Ile de l'Ouest	1960	0
les anciens pêcheurs à l'Ile de l'Ouest	1970	0
les anciens pêcheurs à l'Ile de l'Ouest	1980	0
la reconnaissance de la 15ème mission	1760	0
la reconnaissance de la 15ème mission	1770	0
la reconnaissance de la 15ème mission	1780	0
la reconnaissance de la 15ème mission	1790	0
la reconnaissance de la 15ème mission	1800	0
la reconnaissance de la 15ème mission	1810	0
la reconnaissance de la 15ème mission	1820	0
la reconnaissance de la 15ème mission	1830	0
la reconnaissance de la 15ème mission	1840	0
la reconnaissance de la 15ème mission	1850	0
la reconnaissance de la 15ème mission	1860	0
la reconnaissance de la 15ème mission	1870	0
la reconnaissance de la 15ème mission	1880	0
la reconnaissance de la 15ème mission	1890	0
la reconnaissance de la 15ème mission	1900	0
la reconnaissance de la 15ème mission	1910	0
la reconnaissance de la 15ème mission	1920	0
la reconnaissance de la 15ème mission	1930	0
la reconnaissance de la 15ème mission	1940	0
la reconnaissance de la 15ème mission	1950	0
la reconnaissance de la 15ème mission	1960	1
la reconnaissance de la 15ème mission	1970	0
la reconnaissance de la 15ème mission	1980	0
les anciens phoquiers	1760	0
les anciens phoquiers	1770	0
les anciens phoquiers	1780	0
les anciens phoquiers	1790	1
les anciens phoquiers	1800	0
les anciens phoquiers	1810	0
les anciens phoquiers	1820	0
les anciens phoquiers	1830	0
les anciens phoquiers	1840	0
les anciens phoquiers	1850	0
les anciens phoquiers	1860	0
les anciens phoquiers	1870	0
les anciens phoquiers	1880	0
les anciens phoquiers	1890	0
les anciens phoquiers	1900	0
les anciens phoquiers	1910	0
les anciens phoquiers	1920	0
les anciens phoquiers	1930	0
les anciens phoquiers	1940	0
les anciens phoquiers	1950	0
les anciens phoquiers	1960	0
les anciens phoquiers	1970	0
les anciens phoquiers	1980	0
John Nunn	1760	0
John Nunn	1770	0
John Nunn	1780	0
John Nunn	1790	0
John Nunn	1800	0
John Nunn	1810	0
John Nunn	1820	1
John Nunn	1830	0
John Nunn	1840	0
John Nunn	1850	0
John Nunn	1860	0
John Nunn	1870	0
John Nunn	1880	0
John Nunn	1890	0
John Nunn	1900	0
John Nunn	1910	0
John Nunn	1920	0
John Nunn	1930	0
John Nunn	1940	0
John Nunn	1950	0
John Nunn	1960	0
John Nunn	1970	0
John Nunn	1980	0
E. Brémond	1760	0
E. Brémond	1770	0
E. Brémond	1780	0
E. Brémond	1790	0
E. Brémond	1800	0
E. Brémond	1810	0
E. Brémond	1820	0
E. Brémond	1830	0
E. Brémond	1840	0
E. Brémond	1850	0
E. Brémond	1860	0
E. Brémond	1870	0
E. Brémond	1880	0
E. Brémond	1890	0
E. Brémond	1900	0
E. Brémond	1910	0
E. Brémond	1920	0
E. Brémond	1930	0
E. Brémond	1940	1
E. Brémond	1950	0
E. Brémond	1960	0
E. Brémond	1970	0
E. Brémond	1980	0
